{"stat.pickup.minecraft.bone":1,"stat.leaveGame":5,"stat.pickup.minecraft.arrow":2,"stat.mineBlock.minecraft.cobblestone":3,"stat.craftItem.minecraft.cooked_porkchop":2,"stat.useItem.minecraft.porkchop":3,"stat.jump":491,"stat.swimOneCm":547,"stat.fallOneCm":7719,"stat.useItem.minecraft.planks":3,"stat.pickup.minecraft.porkchop":29,"stat.crouchOneCm":7476,"stat.pickup.minecraft.dirt":20,"stat.useItem.minecraft.stone_slab2":3,"stat.craftingTableInteraction":6,"stat.pickup.minecraft.rotten_flesh":2,"stat.craftItem.minecraft.furnace":1,"stat.damageTaken":430,"stat.pickup.minecraft.leather":9,"stat.useItem.minecraft.wooden_pickaxe":29,"stat.craftItem.minecraft.cooked_beef":2,"stat.pickup.minecraft.cobblestone":27,"stat.craftItem.minecraft.wooden_sword":1,"stat.craftItem.minecraft.stone_sword":1,"stat.flyOneCm":94409,"stat.pickup.minecraft.wheat_seeds":4,"stat.useItem.minecraft.cooked_beef":2,"stat.useItem.minecraft.stone_sword":102,"stat.damageDealt":4178,"stat.timeSinceDeath":18469,"stat.killEntity.Cow":8,"stat.mineBlock.minecraft.dirt":21,"stat.killEntity.Pig":16,"stat.craftItem.minecraft.wooden_pickaxe":1,"stat.pickup.minecraft.mutton":28,"stat.walkOneCm":41964,"stat.useItem.minecraft.cobblestone":3,"stat.craftItem.minecraft.crafting_table":2,"stat.furnaceInteraction":14,"stat.mineBlock.minecraft.double_plant":3,"stat.useItem.minecraft.cooked_porkchop":2,"stat.pickup.minecraft.log":35,"stat.pickup.minecraft.beef":18,"stat.craftItem.minecraft.stone_slab2":0,"stat.pickup.minecraft.sapling":2,"stat.sprintOneCm":38166,"stat.pickup.minecraft.apple":2,"stat.craftItem.minecraft.stick":12,"stat.craftItem.minecraft.wooden_axe":1,"stat.killEntity.Skeleton":1,"stat.craftItem.minecraft.planks":140,"stat.useItem.minecraft.wooden_shovel":20,"stat.mobKills":46,"stat.mineBlock.minecraft.log":35,"stat.mineBlock.minecraft.leaves":16,"stat.playOneMinute":18469,"stat.craftItem.minecraft.wooden_shovel":1,"stat.useItem.minecraft.wooden_sword":41,"stat.killEntity.Sheep":20,"stat.pickup.minecraft.red_flower":1,"stat.sneakTime":2081,"stat.pickup.minecraft.wool":21,"stat.useItem.minecraft.wooden_axe":61,"stat.mineBlock.minecraft.stone":26,"stat.mineBlock.minecraft.tallgrass":30,"stat.pickup.minecraft.cooked_mutton":2}