{"stat.pickup.minecraft.bone":1,"stat.leaveGame":6,"stat.pickup.minecraft.arrow":2,"stat.mineBlock.minecraft.cobblestone":3,"stat.craftItem.minecraft.cooked_porkchop":2,"stat.useItem.minecraft.porkchop":3,"stat.jump":624,"stat.swimOneCm":547,"stat.fallOneCm":9871,"stat.useItem.minecraft.planks":3,"stat.useItem.minecraft.stone_axe":156,"stat.pickup.minecraft.porkchop":29,"stat.crouchOneCm":12122,"stat.pickup.minecraft.dirt":21,"stat.useItem.minecraft.stone_slab2":8,"stat.craftingTableInteraction":9,"stat.pickup.minecraft.rotten_flesh":2,"stat.craftItem.minecraft.furnace":1,"stat.craftItem.minecraft.stone_axe":2,"stat.damageTaken":430,"stat.pickup.minecraft.leather":9,"stat.craftItem.minecraft.stone_pickaxe":1,"stat.useItem.minecraft.wooden_pickaxe":29,"stat.craftItem.minecraft.cooked_beef":2,"stat.pickup.minecraft.cobblestone":27,"stat.craftItem.minecraft.wooden_sword":1,"stat.craftItem.minecraft.stone_sword":1,"stat.flyOneCm":110946,"stat.pickup.minecraft.bed":1,"stat.pickup.minecraft.wheat_seeds":4,"stat.useItem.minecraft.cooked_beef":2,"stat.useItem.minecraft.stone_sword":102,"stat.damageDealt":4178,"stat.sleepInBed":1,"stat.timeSinceDeath":34918,"stat.killEntity.Cow":8,"stat.mineBlock.minecraft.dirt":22,"stat.killEntity.Pig":16,"stat.craftItem.minecraft.wooden_pickaxe":1,"stat.pickup.minecraft.mutton":28,"stat.walkOneCm":63527,"stat.craftItem.minecraft.bed":2,"stat.pickup.minecraft.crafting_table":3,"stat.useItem.minecraft.cobblestone":3,"stat.craftItem.minecraft.crafting_table":4,"stat.furnaceInteraction":14,"stat.mineBlock.minecraft.double_plant":3,"stat.useItem.minecraft.cooked_porkchop":2,"stat.pickup.minecraft.log":153,"stat.pickup.minecraft.beef":18,"stat.useItem.minecraft.cooked_mutton":1,"stat.craftItem.minecraft.stone_slab2":0,"stat.pickup.minecraft.sapling":24,"stat.sprintOneCm":53827,"stat.pickup.minecraft.apple":5,"stat.craftItem.minecraft.stick":16,"stat.craftItem.minecraft.wooden_axe":1,"stat.killEntity.Skeleton":1,"stat.craftItem.minecraft.planks":140,"stat.mineBlock.minecraft.crafting_table":3,"stat.useItem.minecraft.wooden_shovel":20,"stat.mobKills":46,"stat.mineBlock.minecraft.log":155,"stat.mineBlock.minecraft.leaves":46,"stat.playOneMinute":34918,"stat.craftItem.minecraft.wooden_shovel":1,"stat.useItem.minecraft.wooden_sword":41,"stat.killEntity.Sheep":20,"stat.pickup.minecraft.red_flower":1,"stat.sneakTime":3119,"stat.pickup.minecraft.wool":21,"stat.useItem.minecraft.wooden_axe":61,"stat.mineBlock.minecraft.stone":26,"stat.mineBlock.minecraft.tallgrass":31,"stat.pickup.minecraft.cooked_mutton":2}